Title,Year,Rated,Released,Runtime,Genre,Director,Writer,Actors,Plot,Language,Country,Awards,Poster,Ratings,Metascore,imdbRating,imdbVotes,imdbID,Type,DVD,BoxOffice,Production,Website,Response,totalSeasons
Last Action Hero,1993,PG-13,18 Jun 1993,130 min,"Action, Adventure, Comedy",John McTiernan,"Zak Penn, Adam Leff, Shane Black","Arnold Schwarzenegger, F. Murray Abraham, Art Carney","With the help of a magic ticket, a young movie fan is transported into the fictional world of his favorite action movie character.",English,United States,1 win & 16 nominations,https://m.media-amazon.com/images/M/MV5BNjdhOGY1OTktYWJkZC00OGY5LWJhY2QtZmQzZDA2MzY5MmNmXkEyXkFqcGdeQXVyNDk3NzU2MTQ@._V1_SX300.jpg,"[{'Source': 'Internet Movie Database', 'Value': '6.5/10'}, {'Source': 'Rotten Tomatoes', 'Value': '40%'}, {'Source': 'Metacritic', 'Value': '44/100'}]",44,6.5,"160,858",tt0107362,movie,16 Apr 2012,"$50,016,394",N/A,N/A,True,
Thanksgiving,2023,R,17 Nov 2023,106 min,"Horror, Mystery, Thriller",Eli Roth,"Jeff Rendell, Eli Roth","Patrick Dempsey, Ty Olsson, Gina Gershon","After a Black Friday riot ends in tragedy, a mysterious Thanksgiving-inspired killer terrorizes Plymouth, Massachusetts - the birthplace of the infamous holiday.",English,"United States, Canada, Australia",10 nominations,https://m.media-amazon.com/images/M/MV5BOGZhOGJjZTAtOTJmYS00ZTk2LTgxYWEtNjM3ZmUxMjY2NWFiXkEyXkFqcGdeQXVyNjU2NTI4MjE@._V1_SX300.jpg,"[{'Source': 'Internet Movie Database', 'Value': '6.9/10'}]",N/A,6.9,"13,611",tt1448754,movie,N/A,"$31,429,920",N/A,N/A,True,
Action Jackson,1988,R,12 Feb 1988,96 min,"Action, Comedy, Crime",Craig R. Baxley,Robert Reneau,"Carl Weathers, Craig T. Nelson, Vanity",Vengeance drives a tough Detroit cop to stay on the trail of a power-hungry auto magnate who is systematically eliminating his competition.,English,United States,2 nominations,https://m.media-amazon.com/images/M/MV5BYjc0Y2E2ZjYtZGQxNi00NDgxLTk0OTctMDAzYTg1MzFmMjI4XkEyXkFqcGdeQXVyNjc5NjEzNA@@._V1_SX300.jpg,"[{'Source': 'Internet Movie Database', 'Value': '5.5/10'}, {'Source': 'Rotten Tomatoes', 'Value': '13%'}, {'Source': 'Metacritic', 'Value': '36/100'}]",36,5.5,"12,017",tt0094612,movie,01 May 2008,"$20,256,975",N/A,N/A,True,
G.I. Joe,1985–1986,TV-Y7,16 Sep 1985,1 min,"Animation, Action, Adventure",N/A,N/A,"Jackson Beck, Christopher Collins, Michael Bell",An elite special missions force fights against the terrorist forces of Cobra.,English,United States,N/A,https://m.media-amazon.com/images/M/MV5BNmQyZGM4ZmEtZjBjZS00ZDg1LWI0MjAtZjQyYjY3NTY5NzllXkEyXkFqcGdeQXVyNTE1NjY5Mg@@._V1_SX300.jpg,"[{'Source': 'Internet Movie Database', 'Value': '7.7/10'}]",N/A,7.7,"5,510",tt0086719,series,,,,,True,2
Action,1999–2000,TV-MA,16 Sep 1999,30 min,Comedy,N/A,Chris Thompson,"Jay Mohr, Illeana Douglas, Jarrad Paul","A dark comedy about Peter Dragon, a sleazy Hollywood executive. His last, massively expensive, movie bombed and he needs a hit. Will ""Beverley Hills Gun Club"" be it and how far will he have to go to make it?",English,United States,3 wins & 4 nominations,https://m.media-amazon.com/images/M/MV5BNmYyYzVkYjAtZWIzOC00MTI1LWE1MmUtZDUxYzA1NzgzNWMyXkEyXkFqcGdeQXVyMTA0MTM5NjI2._V1_SX300.jpg,"[{'Source': 'Internet Movie Database', 'Value': '8.3/10'}]",N/A,8.3,"1,575",tt0206467,series,,,,,True,1
Action Point,2018,R,01 Jun 2018,85 min,Comedy,Tim Kirkby,"John Altschuler, Dave Krinsky, Johnny Knoxville","Johnny Knoxville, Eleanor Worthington-Cox, Chris Pontius",A daredevil designs and operates his own theme park with his friends.,English,"United States, South Africa",N/A,https://m.media-amazon.com/images/M/MV5BMjEyMTU5MTk1N15BMl5BanBnXkFtZTgwMzIzMzczNTM@._V1_SX300.jpg,"[{'Source': 'Internet Movie Database', 'Value': '5.1/10'}, {'Source': 'Rotten Tomatoes', 'Value': '16%'}, {'Source': 'Metacritic', 'Value': '36/100'}]",36,5.1,"12,066",tt6495770,movie,14 Aug 2018,"$5,059,608",N/A,N/A,True,
An Action Hero,2022,N/A,02 Dec 2022,130 min,"Action, Comedy, Crime",Anirudh Iyer,"Anirudh Iyer, Neeraj Yadav","Ayushmann Khurrana, Jaideep Ahlawat, Neeraj Madhav","Youth Icon. Superstar. Action Hero. At the age of just 30, Maanav was at the peak of his career when he got caught up in an accident while filming in Haryana. Maanav, who was once a household name, is now living in hiding.",Hindi,"India, United Kingdom",4 wins & 14 nominations,https://m.media-amazon.com/images/M/MV5BMDJiOTdmMGItMmM5MC00ZTRiLWIzNjctNDE4ZTZkMWMzZTg0XkEyXkFqcGdeQXVyOTI3MzI4MzA@._V1_SX300.jpg,"[{'Source': 'Internet Movie Database', 'Value': '7.0/10'}]",N/A,7.0,"31,284",tt15600222,movie,N/A,N/A,N/A,N/A,True,
A Civil Action,1998,PG-13,08 Jan 1999,115 min,Drama,Steven Zaillian,"Jonathan Harr, Steven Zaillian","John Travolta, Robert Duvall, Kathleen Quinlan","A tenacious lawyer takes on a case involving two companies responsible for causing several children to be diagnosed with leukemia due to the town's water supply being contaminated, at the risk of bankrupting his firm and career.",English,United States,Nominated for 2 Oscars. 5 wins & 10 nominations total,https://m.media-amazon.com/images/M/MV5BZmEzNjhiZWEtNTM5OS00ZmQyLThhYjEtNjY4ZDZhOGFkMzI4XkEyXkFqcGdeQXVyMTQxNzMzNDI@._V1_SX300.jpg,"[{'Source': 'Internet Movie Database', 'Value': '6.6/10'}, {'Source': 'Rotten Tomatoes', 'Value': '63%'}, {'Source': 'Metacritic', 'Value': '68/100'}]",68,6.6,"30,677",tt0120633,movie,01 Feb 2016,"$56,709,981",N/A,N/A,True,
Looney Tunes: Back in Action,2003,PG,14 Nov 2003,91 min,"Animation, Adventure, Comedy","Joe Dante, Eric Goldberg",Larry Doyle,"Brendan Fraser, Jenna Elfman, Steve Martin",The Looney Tunes search for a man's missing father and the mythical Blue Monkey diamond.,English,"Germany, United States",10 nominations,https://m.media-amazon.com/images/M/MV5BZDc0NTc4YTMtOTRiYS00MzQ5LTg5MDAtYWMzZTM5MjljYWViXkEyXkFqcGdeQXVyMTUyOTc1NDYz._V1_SX300.jpg,"[{'Source': 'Internet Movie Database', 'Value': '5.8/10'}, {'Source': 'Rotten Tomatoes', 'Value': '57%'}, {'Source': 'Metacritic', 'Value': '64/100'}]",64,5.8,"39,852",tt0318155,movie,01 Jan 2009,"$20,991,364",N/A,N/A,True,
Legal Action,2018,TV-PG,07 Aug 2018,89 min,"Action, Crime, Drama",Brent Christy,"Shea Sizemore, Jason White","Eric Close, Nick Searcy, Tommy Flanagan","A woman asks her big shot lawyer ex-husband to defend her career criminal brother, accused of killing a DA. He'll need more than his legal skills to stay alive and win the case.",English,United States,N/A,https://m.media-amazon.com/images/M/MV5BNWJiNWViZTItNDI5Ni00ZDRkLWFkMGItNDI1NGFjMTM4MTg5XkEyXkFqcGdeQXVyNjAxMTI1Mzk@._V1_SX300.jpg,"[{'Source': 'Internet Movie Database', 'Value': '5.8/10'}]",N/A,5.8,515,tt7656570,movie,19 Sep 2018,N/A,N/A,N/A,True,
A Man of Action,2022,TV-MA,30 Nov 2022,111 min,"Biography, Crime, Drama",Javier Ruiz Caldera,Patxi Amezcua,"Juan José Ballesta, Luis Callejo, Liah O'Prey","In this drama inspired by the life of Lucio Urtubia, an anarchist targets one of the world's biggest banks with an ingenious counterfeiting operations.","Spanish, English",Spain,N/A,https://m.media-amazon.com/images/M/MV5BMzg0ZDdiOTEtODM4Ni00MGIwLThjNTMtM2RmNGYyMDgwYmMxXkEyXkFqcGdeQXVyMTA0MjU0Ng@@._V1_SX300.jpg,"[{'Source': 'Internet Movie Database', 'Value': '6.4/10'}]",N/A,6.4,"3,078",tt12703292,movie,N/A,N/A,N/A,N/A,True,
Missing in Action,1984,R,16 Nov 1984,101 min,"Action, Adventure, Drama",Joseph Zito,"Arthur Silver, Larry Levinson, Steve Bing","Chuck Norris, M. Emmet Walsh, David Tress",Colonel Braddock launches a mission deep into the jungles of Vietnam to find the POW camp that he escaped from and free the Americans still held captive there.,"English, Vietnamese",United States,N/A,https://m.media-amazon.com/images/M/MV5BNDczNDljZTUtNmZmZC00YzFkLWExYzEtYzQxNmNkNmFjMDQyXkEyXkFqcGdeQXVyMjUzOTY1NTc@._V1_SX300.jpg,"[{'Source': 'Internet Movie Database', 'Value': '5.4/10'}, {'Source': 'Rotten Tomatoes', 'Value': '19%'}, {'Source': 'Metacritic', 'Value': '43/100'}]",43,5.4,"16,100",tt0087727,movie,28 Apr 2017,"$22,812,411",N/A,N/A,True,
Action Replayy,2010,TV-PG,05 Nov 2010,129 min,"Comedy, Romance, Sci-Fi",Vipul Amrutlal Shah,"Irshad Kamil, Aatish Kapadia, Suresh Nair","Akshay Kumar, Aishwarya Rai Bachchan, Aditya Roy Kapoor",A young man tries to revive his parents' wilting marriage by traveling to the 1970s when their romance was budding and make it bloom: something more complex than he expects.,Hindi,India,3 nominations,https://m.media-amazon.com/images/M/MV5BMTMyMDc1MDIwMl5BMl5BanBnXkFtZTcwNDUyMDgwNA@@._V1_SX300.jpg,"[{'Source': 'Internet Movie Database', 'Value': '4.3/10'}, {'Source': 'Rotten Tomatoes', 'Value': '0%'}]",N/A,4.3,"6,782",tt1396208,movie,11 Mar 2017,N/A,N/A,N/A,True,
Adventure Time,2010–2018,TV-PG,05 Apr 2010,11 min,"Animation, Action, Adventure",N/A,Pendleton Ward,"John DiMaggio, Jeremy Shada, Tom Kenny","A 12-year-old boy and his best friend, a wise 28-year-old dog with magical powers, go on a series of surreal adventures in a remote future.","English, Korean",United States,Won 8 Primetime Emmys. 26 wins & 50 nominations total,https://m.media-amazon.com/images/M/MV5BMGFkNGY4NGMtZjY0NC00YTI0LThiZjMtMjBmZGMzOGU3YTdmXkEyXkFqcGdeQXVyMTM0NTUzNDIy._V1_SX300.jpg,"[{'Source': 'Internet Movie Database', 'Value': '8.6/10'}]",N/A,8.6,"108,524",tt1305826,series,,,,,True,10
Adventure Time: Fionna & Cake,2023,TV-14,31 Aug 2023,N/A,"Animation, Action, Adventure",N/A,"Adam Muto, Pendleton Ward","Madeleine Martin, Roz Ryan, Tom Kenny","Fionna, her best friend Cake and the former Ice King, Simon Petrikov, embark on an adventure through the multiverse, dodging new threats and making self-discoveries along the way.",English,United States,N/A,https://m.media-amazon.com/images/M/MV5BNDhjMDk2OTEtM2NhOC00NDNjLWI1ZjgtMWZiMDFkOTFjMDhmXkEyXkFqcGdeQXVyNjY1MTg4Mzc@._V1_SX300.jpg,"[{'Source': 'Internet Movie Database', 'Value': '8.9/10'}]",N/A,8.9,"5,259",tt15248880,series,,,,,True,1
JoJo's Bizarre Adventure,2012–,TV-14,04 Oct 2012,30 min,"Animation, Action, Adventure",N/A,N/A,"David Vincent, Matthew Mercer, Daisuke Ono","The story of the Joestar family, who are possessed with intense psychic strength, and the adventures each member encounters throughout their lives.",Japanese,Japan,3 wins & 23 nominations,https://m.media-amazon.com/images/M/MV5BZDc3NGQ3ZWQtYjNkOC00MjhiLTg2N2YtNmZlOGNiZTFkOWNhXkEyXkFqcGdeQXVyNjc2NjA5MTU@._V1_SX300.jpg,"[{'Source': 'Internet Movie Database', 'Value': '8.5/10'}]",N/A,8.5,"32,282",tt2359704,series,,,,,True,5
The Poseidon Adventure,1972,PG,13 Dec 1972,117 min,"Action, Adventure, Drama",Ronald Neame,"Paul Gallico, Stirling Silliphant, Wendell Mayes","Gene Hackman, Ernest Borgnine, Shelley Winters",A group of passengers must embark on a harrowing struggle for survival after a rogue wave capsizes their cruise ship at sea.,"English, Hebrew",United States,Won 1 Oscar. 5 wins & 13 nominations total,https://m.media-amazon.com/images/M/MV5BYmM0ZDRkZGEtNTFmNS00MDg1LThkNWItZmU1NmM1OGM0NTU4L2ltYWdlL2ltYWdlXkEyXkFqcGdeQXVyMTQxNzMzNDI@._V1_SX300.jpg,"[{'Source': 'Internet Movie Database', 'Value': '7.1/10'}, {'Source': 'Rotten Tomatoes', 'Value': '79%'}, {'Source': 'Metacritic', 'Value': '70/100'}]",70,7.1,"48,175",tt0069113,movie,03 Apr 2016,"$84,563,118",N/A,N/A,True,
Bill & Ted's Excellent Adventure,1989,PG,17 Feb 1989,90 min,"Adventure, Comedy, Music",Stephen Herek,"Chris Matheson, Ed Solomon","Keanu Reeves, Alex Winter, George Carlin","Two rock-'n-rolling teens, on the verge of failing their class, set out on a quest to make the ultimate school history report after being presented with a time machine.","English, French, German, Greek, Ancient (to 1453)","United States, Canada, Italy",3 nominations,https://m.media-amazon.com/images/M/MV5BMTk3Mjk5MzI3OF5BMl5BanBnXkFtZTcwMTY4MzcyNA@@._V1_SX300.jpg,"[{'Source': 'Internet Movie Database', 'Value': '6.9/10'}, {'Source': 'Rotten Tomatoes', 'Value': '82%'}, {'Source': 'Metacritic', 'Value': '50/100'}]",50,6.9,"139,725",tt0096928,movie,28 Sep 2016,"$40,485,039",N/A,N/A,True,
Zathura: A Space Adventure,2005,PG,11 Nov 2005,101 min,"Action, Adventure, Comedy",Jon Favreau,"Chris Van Allsburg, David Koepp, John Kamps","Josh Hutcherson, Jonah Bobo, Dax Shepard",Two young brothers are drawn into an intergalactic adventure when their house is hurled through the depths of space by the magical board game they are playing.,English,United States,2 wins & 3 nominations,https://m.media-amazon.com/images/M/MV5BMDc1NzM1OTgtOGYxMS00ZWE1LWEzZWMtNWEyOTI2NDJjOTU2XkEyXkFqcGdeQXVyNjQzNzA2NjM@._V1_SX300.jpg,"[{'Source': 'Internet Movie Database', 'Value': '6.2/10'}, {'Source': 'Rotten Tomatoes', 'Value': '76%'}, {'Source': 'Metacritic', 'Value': '67/100'}]",67,6.2,"112,926",tt0406375,movie,16 Apr 2012,"$29,258,869",N/A,N/A,True,
Adventure Time: Distant Lands,2020–2021,TV-PG,25 Jun 2020,1 min,"Animation, Action, Adventure",N/A,"Adam Muto, Pendleton Ward","Tom Kenny, John DiMaggio, Jeremy Shada",Adventure Time has a sequel with new adventures around other worlds.,English,United States,1 win & 4 nominations,https://m.media-amazon.com/images/M/MV5BNGQ5NzJkOGEtZTc4MS00ODcwLWI3YjMtNWFmODJkYjQzYzliXkEyXkFqcGdeQXVyMjEzNTg5Mzk@._V1_SX300.jpg,"[{'Source': 'Internet Movie Database', 'Value': '8.7/10'}]",N/A,8.7,"7,163",tt11165358,series,,,,,True,1
Pee-wee's Big Adventure,1985,PG,09 Aug 1985,91 min,"Adventure, Comedy, Family",Tim Burton,"Phil Hartman, Paul Reubens, Michael Varhol","Paul Reubens, Elizabeth Daily, Mark Holton","When eccentric man-child Pee-wee Herman gets his beloved bike stolen in broad daylight, he sets out across the U.S. on the adventure of his life.","English, French",United States,2 nominations,https://m.media-amazon.com/images/M/MV5BYTQ2MmVlNzctZGE5Ni00MGMwLWJmMWYtODAzZmRlZTljMGEzXkEyXkFqcGdeQXVyNTUyMzE4Mzg@._V1_SX300.jpg,"[{'Source': 'Internet Movie Database', 'Value': '7.0/10'}, {'Source': 'Rotten Tomatoes', 'Value': '88%'}, {'Source': 'Metacritic', 'Value': '47/100'}]",47,7.0,"58,299",tt0089791,movie,19 Apr 2016,"$41,047,344",N/A,N/A,True,
Christmas Vacation 2: Cousin Eddie's Island Adventure,2003,TV-14,20 Dec 2003,83 min,Comedy,Nick Marck,Matty Simmons,"Kate Simmons, Jake Thomas, Randy Quaid",A holiday to the South Pacific goes awry when Cousin Eddie's family and a tour guide are shipwrecked on an island.,English,United States,1 nomination,https://m.media-amazon.com/images/M/MV5BZWVmZDlmMWUtNDczNy00ZWY3LWE4YWQtZTViYmMzYWNlYzllXkEyXkFqcGdeQXVyMTQxNzMzNDI@._V1_SX300.jpg,"[{'Source': 'Internet Movie Database', 'Value': '2.7/10'}]",N/A,2.7,"3,719",tt0367623,movie,01 Nov 2010,N/A,N/A,N/A,True,
Olaf's Frozen Adventure,2017,G,27 Oct 2017,22 min,"Animation, Short, Adventure","Kevin Deters, Stevie Wermers","Jac Schaeffer, Brian Kesinger, Hans Christian Andersen","Josh Gad, Idina Menzel, Kristen Bell","A Christmas-themed special featuring characters from Walt Disney Pictures' 53rd full-length animated motion picture, ""Frozen (2013)"".",English,"Japan, United States",3 nominations,https://m.media-amazon.com/images/M/MV5BOWQ1NjNiZTEtYzc3Zi00Nzk4LTg5MTYtNzc5NmJjYTg1MGQ4XkEyXkFqcGdeQXVyMTA4NDI1NTQx._V1_SX300.jpg,"[{'Source': 'Internet Movie Database', 'Value': '5.7/10'}, {'Source': 'Rotten Tomatoes', 'Value': '57%'}]",N/A,5.7,"13,706",tt5452780,movie,19 Dec 2017,N/A,N/A,N/A,True,
Flipper's New Adventure,1964,G,19 Nov 1964,94 min,"Family, Adventure, Drama",Leon Benson,"Ivan Tors, Ricou Browning, Jack Cowden","Luke Halpin, Pamela Franklin, Helen Cherry",Boy Sandy and Dolphin Flipper are in the Bahamas where they pester a bunch of outlaws holding an English family captive.,English,United States,N/A,https://m.media-amazon.com/images/M/MV5BYzFkYTk1ZjAtMjliNi00MGRlLWFmNjAtM2E2MTk5NzMwM2E3XkEyXkFqcGdeQXVyNzc5MjA3OA@@._V1_SX300.jpg,"[{'Source': 'Internet Movie Database', 'Value': '5.9/10'}]",N/A,5.9,611,tt0058105,movie,01 Jan 2009,N/A,N/A,N/A,True,
Rapunzel's Tangled Adventure,2017–2020,TV-Y7,24 Mar 2017,21 min,"Animation, Action, Adventure",N/A,"Shane Prigmore, Chris Sonnenburg","Mandy Moore, Zachary Levi, Eden Espinosa","Set between Walt Disney Animation Studios' ""Tangled"" and its short film ""Tangled Ever After,"" this animated adventure/comedy series unfolds as Rapunzel acquaints herself with her parents, her kingdom and the people of Corona.","English, Czech, German",United States,8 wins & 15 nominations,https://m.media-amazon.com/images/M/MV5BOTdjZTBhNjgtNTJiYS00NTIzLWFmMDAtYmIzNzE4NzdlNmViXkEyXkFqcGdeQXVyMTgxMjYxOQ@@._V1_SX300.jpg,"[{'Source': 'Internet Movie Database', 'Value': '7.7/10'}]",N/A,7.7,"3,296",tt4902964,series,,,,,True,3
The Ewok Adventure,1984,TV-G,25 Nov 1984,96 min,"Adventure, Family, Fantasy",John Korty,"George Lucas, Bob Carrau","Eric Walker, Warwick Davis, Fionnula Flanagan","Wicket the Ewok and his friends agree to help two shipwrecked human children, Mace and Cindel, on a quest to find their parents.",English,United States,Won 1 Primetime Emmy. 1 win & 1 nomination total,https://m.media-amazon.com/images/M/MV5BZTQ3ZDQ1OTYtZDJiNi00NDM3LTllN2UtMTM2ODZkMTk1ZWQ0XkEyXkFqcGdeQXVyMDI2NDg0NQ@@._V1_SX300.jpg,"[{'Source': 'Internet Movie Database', 'Value': '5.3/10'}, {'Source': 'Rotten Tomatoes', 'Value': '23%'}]",N/A,5.3,"12,316",tt0087225,movie,08 Mar 2019,N/A,N/A,N/A,True,
The Pirates! Band of Misfits,2012,PG,27 Apr 2012,88 min,"Animation, Adventure, Comedy","Peter Lord, Jeff Newitt",Gideon Defoe,"Hugh Grant, Salma Hayek, Jeremy Piven",Pirate Captain sets out on a mission to defeat his rivals Black Bellamy and Cutlass Liz for the Pirate of the year Award. The quest takes Captain and his crew from the shores of Blood Island to the foggy streets of Victorian London.,English,"United Kingdom, United States",Nominated for 1 Oscar. 20 nominations total,https://m.media-amazon.com/images/M/MV5BNDhkOGZkZWMtNGI4Mi00ZWI3LTgyYTgtMDU4ZDI3NTNjMWFiXkEyXkFqcGdeQXVyNjk1Njg5NTA@._V1_SX300.jpg,"[{'Source': 'Internet Movie Database', 'Value': '6.7/10'}, {'Source': 'Rotten Tomatoes', 'Value': '86%'}, {'Source': 'Metacritic', 'Value': '73/100'}]",73,6.7,"50,796",tt1430626,movie,28 Aug 2012,"$31,051,126",N/A,N/A,True,
An Awkward Sexual Adventure,2012,Not Rated,21 Feb 2013,98 min,"Comedy, Romance",Sean Garrity,"Jonas Chernick, Marguerite Pigott","Jonas Chernick, Emily Hampshire, Sarah Manninen","To win back his ex-girlfriend, a conservative accountant enlists the help of an exotic dancer to guide him on a quest for sexual experience, leading him into a world of strip clubs, sensual massage parlors, cross-dressing and S &amp; M.","English, Hebrew",Canada,4 wins & 7 nominations,https://m.media-amazon.com/images/M/MV5BMjI5MTYzOTMyNF5BMl5BanBnXkFtZTcwNTgwNDYzOQ@@._V1_SX300.jpg,"[{'Source': 'Internet Movie Database', 'Value': '6.1/10'}, {'Source': 'Rotten Tomatoes', 'Value': '63%'}]",N/A,6.1,"10,227",tt2112210,movie,27 Jan 2014,N/A,N/A,N/A,True,
The King of Comedy,1982,PG,18 Dec 1982,109 min,"Comedy, Crime, Drama",Martin Scorsese,Paul D. Zimmerman,"Robert De Niro, Jerry Lewis, Diahnne Abbott","Rupert Pupkin is a passionate yet unsuccessful comic who craves nothing more than to be in the spotlight and to achieve this, he stalks and kidnaps his idol to take the spotlight for himself.",English,United States,Won 1 BAFTA Award3 wins & 8 nominations total,https://m.media-amazon.com/images/M/MV5BMjE1YjBlNTItYjM0YS00ZTBjLWI0Y2EtNDg2NGZlOTZlMDk2XkEyXkFqcGdeQXVyNjc5NjEzNA@@._V1_SX300.jpg,"[{'Source': 'Internet Movie Database', 'Value': '7.8/10'}, {'Source': 'Rotten Tomatoes', 'Value': '89%'}, {'Source': 'Metacritic', 'Value': '73/100'}]",73,7.8,"115,116",tt0085794,movie,08 Dec 2015,"$2,536,242",N/A,N/A,True,
Comedy Bang! Bang!,2012–2016,TV-14,08 Jun 2012,30 min,"Comedy, Talk-Show",N/A,Scott Aukerman,"Scott Aukerman, Reggie Watts, 'Weird Al' Yankovic","A talk-show parody that features celebrity guests, comedy sketches, and animation. Based on the podcast of the same name.",English,United States,1 win,https://m.media-amazon.com/images/M/MV5BMTkwODZmZWItN2NmNC00Yzc5LWIyZTQtNDdiNjA3NThkYzFjL2ltYWdlXkEyXkFqcGdeQXVyNTAyODkwOQ@@._V1_SX300.jpg,"[{'Source': 'Internet Movie Database', 'Value': '7.6/10'}]",N/A,7.6,"4,522",tt2176287,series,,,,,True,5
Dark Side of Comedy,2022–,TV-14,16 Aug 2022,N/A,"Documentary, History",N/A,N/A,"Kliph Nesteroff, Dave Foley, Lisa Lampanelli","Featuring different comics and their personal journeys, explores the internal battles, unexpected fame and societal pressures in the comedy world.",English,United States,N/A,https://m.media-amazon.com/images/M/MV5BODE1ODMwYjEtYjVmNy00Y2JkLWI3MDgtOGU1YWRmNjFmN2RiXkEyXkFqcGdeQXVyMzYyMDMwNjU@._V1_SX300.jpg,"[{'Source': 'Internet Movie Database', 'Value': '7.3/10'}]",N/A,7.3,301,tt17516478,series,,,,,True,2
The Comedy of Terrors,1963,Not Rated,15 Oct 1964,84 min,"Comedy, Horror",Jacques Tourneur,"Richard Matheson, Elsie Lee","Vincent Price, Peter Lorre, Boris Karloff",Dishonest undertaker Waldo Trumbull and his sidekick Felix Gillie are creating their own customers when they cannot find willing ones.,"English, French, Italian",United States,N/A,https://m.media-amazon.com/images/M/MV5BYWRmNGQxM2MtN2I5OS00NTc1LTlmNGEtMGYwYTIyMjE3NjI5XkEyXkFqcGdeQXVyMDI2NDg0NQ@@._V1_SX300.jpg,"[{'Source': 'Internet Movie Database', 'Value': '6.6/10'}, {'Source': 'Rotten Tomatoes', 'Value': '89%'}]",N/A,6.6,"6,669",tt0056943,movie,19 Jan 2017,N/A,N/A,N/A,True,
Sex Is Comedy,2002,R,05 Jun 2002,92 min,"Comedy, Drama, Romance",Catherine Breillat,Catherine Breillat,"Anne Parillaud, Grégoire Colin, Roxane Mesquida","A director struggles to film a difficult, intimate sex scene between two actors who happen to hate each other.","French, Portuguese","France, Portugal",1 nomination,https://m.media-amazon.com/images/M/MV5BNzFjYWIzNTEtOWE3Ni00NzVjLWI5YzktNThlNWM0OWRkMGRiXkEyXkFqcGdeQXVyMjc2NTQ1MTI@._V1_SX300.jpg,"[{'Source': 'Internet Movie Database', 'Value': '5.6/10'}, {'Source': 'Rotten Tomatoes', 'Value': '69%'}, {'Source': 'Metacritic', 'Value': '63/100'}]",63,5.6,"2,979",tt0304678,movie,19 Jan 2017,"$40,470",N/A,N/A,True,
Comedy Central Presents,1998–2011,TV-14,01 Dec 1998,30 min,"Documentary, Comedy",N/A,N/A,"Mike Birbiglia, Todd Barry, Lewis Black",A television series featuring various stand-up comics.,English,United States,N/A,https://m.media-amazon.com/images/M/MV5BMjE4ODY0MDc0OF5BMl5BanBnXkFtZTcwODA0OTE5MQ@@._V1_SX300.jpg,"[{'Source': 'Internet Movie Database', 'Value': '7.9/10'}]",N/A,7.9,"1,195",tt0497480,series,,,,,True,15
My Teen Romantic Comedy SNAFU,2013–2023,TV-14,05 Apr 2013,24 min,"Animation, Comedy, Drama",N/A,N/A,"Cat Thomas, Melissa Molano, Takuya Eguchi","About an antisocial high school student named Hikigaya Hachiman with a distorted view on life and no friends or girlfriend. His life change when he was forced to enter the ""Volunteer Service Club"" by his teacher.",Japanese,Japan,13 wins & 22 nominations,https://m.media-amazon.com/images/M/MV5BYzRkMWFkNGMtMzQ0Zi00MWQ2LTk1MjgtODJkZjY3NTQyYTQzXkEyXkFqcGdeQXVyNTIxNDgzOTg@._V1_SX300.jpg,"[{'Source': 'Internet Movie Database', 'Value': '7.9/10'}]",N/A,7.9,"8,349",tt2703720,series,,,,,True,3
The Comedy,2012,Not Rated,21 Jan 2012,95 min,"Comedy, Drama",Rick Alverson,"Rick Alverson, Robert Donne, Colm O'Leary","Tim Heidecker, Eric Wareheim, James Murphy","Indifferent to the notion of inheriting his father's estate, a restless, aging New Yorker passes time with his friends in games of mock sincerity and irreverence.",English,United States,2 wins & 2 nominations,https://m.media-amazon.com/images/M/MV5BMjA0OTA3ODU4M15BMl5BanBnXkFtZTcwNDY3NTM1OA@@._V1_SX300.jpg,"[{'Source': 'Internet Movie Database', 'Value': '6.3/10'}, {'Source': 'Rotten Tomatoes', 'Value': '49%'}, {'Source': 'Metacritic', 'Value': '46/100'}]",46,6.3,"5,332",tt2112293,movie,23 Sep 2013,"$41,113",N/A,N/A,True,
Comedy Royale,2023–,N/A,28 Nov 2023,N/A,"Comedy, Game-Show, Reality-TV",N/A,N/A,"Kyung-kyu Lee, Yong-Jin Lee, Se-yoon Moon","Twenty of Korea's hottest comedians come together to fiercely compete for a chance to host a Netflix show delivering nonstop, zany laughter.",Korean,South Korea,N/A,N/A,[],N/A,N/A,N/A,tt29686471,series,,,,,True,N/A
InAPPropriate Comedy,2013,R,17 Jul 2014,83 min,Comedy,Vince Offer,"Ken Pringle, Ari Shaffir, Vince Offer","Adrien Brody, Lindsay Lohan, Michelle Rodriguez","In this comedy film, a computer tablet full of the world's most hilariously offensive apps breaks through the borders of political correctness, stirring up cultural anarchy.",English,United States,2 nominations,https://m.media-amazon.com/images/M/MV5BMTQ3NzAyMDUyOF5BMl5BanBnXkFtZTcwMDMzMDM5OA@@._V1_SX300.jpg,"[{'Source': 'Internet Movie Database', 'Value': '2.7/10'}, {'Source': 'Rotten Tomatoes', 'Value': '0%'}, {'Source': 'Metacritic', 'Value': '1/100'}]",1,2.7,"4,719",tt1754811,movie,10 Aug 2016,"$228,004",N/A,N/A,True,
The Original Kings of Comedy,2000,R,18 Aug 2000,115 min,"Comedy, Documentary",Spike Lee,"Cedric The Entertainer, Steve Harvey, D.L. Hughley","Steve Harvey, D.L. Hughley, Cedric The Entertainer",A concert film featuring four major African American stand up comedians.,English,United States,3 nominations,https://m.media-amazon.com/images/M/MV5BMTI5NDY1NDU1M15BMl5BanBnXkFtZTcwODcyNTMyMQ@@._V1_SX300.jpg,"[{'Source': 'Internet Movie Database', 'Value': '6.8/10'}, {'Source': 'Rotten Tomatoes', 'Value': '83%'}, {'Source': 'Metacritic', 'Value': '73/100'}]",73,6.8,"6,011",tt0236388,movie,01 Jul 2013,"$38,182,790",N/A,N/A,True,
The Broken Hearts Club: A Romantic Comedy,2000,R,20 Oct 2000,94 min,"Comedy, Drama, Romance",Greg Berlanti,Greg Berlanti,"Timothy Olyphant, Dean Cain, Zach Braff",An insight into the turbulent lives and loves of a gay clique based in Los Angeles.,English,United States,1 win & 1 nomination,https://m.media-amazon.com/images/M/MV5BMmZlODkzNmItZmIwZi00OGYxLTkwMjQtMzlhYmYwNjMwNzlmXkEyXkFqcGdeQXVyMTQxNzMzNDI@._V1_SX300.jpg,"[{'Source': 'Internet Movie Database', 'Value': '6.9/10'}, {'Source': 'Rotten Tomatoes', 'Value': '64%'}, {'Source': 'Metacritic', 'Value': '51/100'}]",51,6.9,"8,051",tt0222850,movie,02 Oct 2012,"$1,746,585",N/A,N/A,True,
Crime,2021–,TV-MA,24 Nov 2021,1 min,"Crime, Drama, Mystery",N/A,"Irvine Welsh, Dean Cavanagh","Dougray Scott, Joanna Vanderham, Ken Stott","When an Edinburgh schoolgirl is abducted, DI Ray Lennox investigates her disappearance whilst confronting his own past trauma.",English,United Kingdom,2 wins,https://m.media-amazon.com/images/M/MV5BYzRiMDBjZjAtYThiMC00MzRiLWJhNjUtMWM0MGVmNjBhZjAzXkEyXkFqcGdeQXVyMTEwMzkzMTA1._V1_SX300.jpg,"[{'Source': 'Internet Movie Database', 'Value': '7.3/10'}]",N/A,7.3,"5,211",tt12759778,series,,,,,True,2
Criminal Code,2023–,TV-MA,14 Nov 2023,N/A,"Action, Crime, Drama",N/A,"Heitor Dhalia, Bernardo Barcellos, Leonardo Levis","Maeve Jinkings, Rômulo Braga, Thomas Aquino","Follows the complex work of federal police officers in an unprecedented investigation that culminates in the beginning of a thread that unravels, like no other, the construction of crime in the country.",Portuguese,Brazil,N/A,https://m.media-amazon.com/images/M/MV5BOTZkMzczMTYtZDgyYy00NjcxLWE3ZGUtYWNjMzcxY2M1MTU4XkEyXkFqcGdeQXVyNjgyMTI1MDE@._V1_SX300.jpg,"[{'Source': 'Internet Movie Database', 'Value': '6.4/10'}]",N/A,6.4,354,tt22459586,series,,,,,True,1
CSI: Crime Scene Investigation,2000–2015,TV-14,06 Oct 2000,60 min,"Crime, Drama, Mystery",N/A,Anthony E. Zuiker,"William Petersen, Laurence Fishburne, Ted Danson","Series following an elite team of police forensic evidence investigation experts as they work their cases in Las Vegas, Nevada.","English, Spanish, American Sign ","United States, Canada",Won 6 Primetime Emmys. 68 wins & 127 nominations total,https://m.media-amazon.com/images/M/MV5BYjRlZjFmNTktYzg0ZC00OWJlLWJlN2EtOGQ1OTRiOTFiMWE3XkEyXkFqcGdeQXVyNTA4NzY1MzY@._V1_SX300.jpg,"[{'Source': 'Internet Movie Database', 'Value': '7.7/10'}]",N/A,7.7,"87,495",tt0247082,series,,,,,True,16
American Crime Story,2016–,TV-MA,02 Feb 2016,42 min,"Biography, Crime, Drama",N/A,"Scott Alexander, Larry Karaszewski, Sarah Burgess","Sarah Paulson, Annaleigh Ashford, Sterling K. Brown",An anthology series centered around America's most notorious crimes and criminals.,English,United States,Won 17 Primetime Emmys. 104 wins & 151 nominations total,https://m.media-amazon.com/images/M/MV5BMGExZjgzNzktNzUwYS00ZDgxLWFlMTktMzZhOWQxMGM0N2VkXkEyXkFqcGdeQXVyMTkxNjUyNQ@@._V1_SX300.jpg,"[{'Source': 'Internet Movie Database', 'Value': '8.4/10'}]",N/A,8.4,"97,888",tt2788432,series,,,,,True,4
Law & Order: Organized Crime,2021–,TV-14,01 Apr 2021,N/A,"Crime, Drama, Mystery",N/A,"Ilene Chaiken, Warren Leight, Julie Martin","Christopher Meloni, Danielle Moné Truitt, Ainsley Seiger",Elliot Stabler returns to the NYPD to battle organized crime after a devastating personal loss.,English,United States,2 wins & 3 nominations,https://m.media-amazon.com/images/M/MV5BM2E4MjM0ZTItYWYwZi00M2Y5LTliNDYtYTA2OThkZTM5NDcxXkEyXkFqcGdeQXVyMDA4NzMyOA@@._V1_SX300.jpg,"[{'Source': 'Internet Movie Database', 'Value': '7.7/10'}]",N/A,7.7,"9,104",tt12677870,series,,,,,True,3
Crime Story,1993,R,24 Jun 1993,103 min,"Action, Crime, Drama","Kirk Wong, Jackie Chan","Tin-Nam Chun, Man-Keung Chan, Lai Ling Cheung","Jackie Chan, Kent Cheng, Christine Ng","A Special Agent is assigned to protect a wealthy business magnate. However, when the businessman is kidnapped in a daring ambush, he teams up with a seasoned detective to crack the case. But soon he discovers the case isn't that s...","Mandarin, Hokkien, Cantonese",Hong Kong,2 wins & 8 nominations,https://m.media-amazon.com/images/M/MV5BZmE3ZDU3NTMtNTE1NC00MzVkLThjYTAtNzlhYzZjZTdhMDUzXkEyXkFqcGdeQXVyMTA0MTM5NjI2._V1_SX300.jpg,"[{'Source': 'Internet Movie Database', 'Value': '6.7/10'}, {'Source': 'Rotten Tomatoes', 'Value': '93%'}]",N/A,6.7,"7,269",tt0108656,movie,01 May 2017,"$194,720",N/A,N/A,True,
An American Crime,2007,R,07 Dec 2007,98 min,"Biography, Crime, Drama",Tommy O'Haver,"Tommy O'Haver, Irene Turner","Elliot Page, Hayley McFarland, Nick Searcy","The true story of suburban housewife Gertrude Baniszewski, who kept a teenage girl locked in the basement of her Indiana home during the 1960s.",English,United States,Nominated for 1 Primetime Emmy. 3 nominations total,https://m.media-amazon.com/images/M/MV5BZDc5YjRlMzctODMxYS00MDA4LWFhNjktMjhlODBkZTE0ZDQwXkEyXkFqcGdeQXVyMjQ2MTk1OTE@._V1_SX300.jpg,"[{'Source': 'Internet Movie Database', 'Value': '7.2/10'}, {'Source': 'Rotten Tomatoes', 'Value': '43%'}]",N/A,7.2,"36,493",tt0802948,movie,22 May 2017,N/A,N/A,N/A,True,
The Crime Is Mine,2023,N/A,08 Mar 2023,102 min,"Comedy, Crime",François Ozon,"François Ozon, Philippe Piazzo, Georges Berr","Nadia Tereszkiewicz, Rebecca Marder, Isabelle Huppert","Madeleine Verdier, a young actress, is accused of murdering a famous producer. After being acquitted, she begins her new life of fame and success, until the truth comes out.","French, Spanish",France,N/A,https://m.media-amazon.com/images/M/MV5BNWI5M2NlM2EtMTE3ZC00ZDUwLWIxZDItNWUxYzVjZjg2YjdiXkEyXkFqcGdeQXVyNDU0NjMyNTQ@._V1_SX300.jpg,"[{'Source': 'Internet Movie Database', 'Value': '6.6/10'}]",N/A,6.6,"3,889",tt20330434,movie,N/A,N/A,N/A,N/A,True,
Crime Diaries: The Celebrity Stylist,2023,N/A,22 Nov 2023,90 min,Crime,Jacques Toulemonde Vidal,Jacques Toulemonde Vidal,"Diana Belmonte, Ernesto Benjumea, Nelson Camayo","When a celebrity stylist found stabbed to death next to his mother, a young detective is given 20 days to solve the case. Inspired by true events.",Spanish,Colombia,N/A,https://m.media-amazon.com/images/M/MV5BYThkMGJiNjctOGE2Yi00ZTZjLWJjODctZDE0ZjdmYTEwYmE3XkEyXkFqcGdeQXVyMTU0Nzc2MDM@._V1_SX300.jpg,"[{'Source': 'Internet Movie Database', 'Value': '4.5/10'}]",N/A,4.5,358,tt29692772,movie,N/A,N/A,N/A,N/A,True,
Wild Crime,2021–,Not Rated,28 Sep 2021,N/A,"Documentary, Crime, Mystery",N/A,N/A,"Jon Dyer, Randall Klitz, David Wenzel","Follows the uniquely qualified team of special agents that are responsible for investigating crimes that occur in the National Park System, as they tackle cases and bring law and order to this public land.",English,United States,N/A,https://m.media-amazon.com/images/M/MV5BYTFmNzNhMTQtOWQ0Mi00YzM3LTljMzctYTg5YjFlZTMzYjAxXkEyXkFqcGdeQXVyNjEwNTM2Mzc@._V1_SX300.jpg,"[{'Source': 'Internet Movie Database', 'Value': '7.3/10'}]",N/A,7.3,"1,024",tt15489004,series,,,,,True,3
L'art du crime,2017–,N/A,17 Nov 2017,50 min,"Crime, Drama, Mystery",N/A,"Angèle Herry-Leclerc, Pierre-Yves Mora","Nicolas Gob, Eléonore Bernheim, Benjamin Egner",A policeman teams up with an art expert to investigate crimes,French,France,1 win,https://m.media-amazon.com/images/M/MV5BNDEwZmE2ZjAtZTQ1My00ZTNjLWI2MTUtOGRjN2Q2NDE3ZGZjXkEyXkFqcGdeQXVyMTAwMzM3NDI3._V1_SX300.jpg,"[{'Source': 'Internet Movie Database', 'Value': '7.1/10'}]",N/A,7.1,871,tt6190050,series,,,,,True,6
The Punisher,2017–2019,TV-MA,17 Nov 2017,53 min,"Action, Crime, Drama",N/A,Steve Lightfoot,"Jon Bernthal, Amber Rose Revah, Ben Barnes","After his revenge on those who murdered his family, aimless Marine veteran Frank Castle finds a new meaning in life as a vigilante known as ""The Punisher"".",English,United States,Nominated for 1 Primetime Emmy. 1 win & 14 nominations total,https://m.media-amazon.com/images/M/MV5BZDYzODRjNTYtNmVmYy00NTJjLTk3NzQtZjQ5Y2Y1YmIzMzZhXkEyXkFqcGdeQXVyMTY4NTMxNTcx._V1_SX300.jpg,"[{'Source': 'Internet Movie Database', 'Value': '8.5/10'}]",N/A,8.5,"258,008",tt5675620,series,,,,,True,2
Delhi Crime,2019–,TV-MA,22 Mar 2019,50 min,"Crime, Drama",N/A,Richie Mehta,"Shefali Shah, Rasika Dugal, Rajesh Tailang","Based on the Nirbhaya case, Delhi Crime follows the Delhi Police investigation into the finding of the men who perpetrated this crime.","Hindi, English",India,14 wins & 26 nominations,https://m.media-amazon.com/images/M/MV5BYjQ2YmE4OWUtNDZhZi00ZGYxLTg4MzYtYWIwMWI1NDQ5ZDNlXkEyXkFqcGdeQXVyODE5NzE3OTE@._V1_SX300.jpg,"[{'Source': 'Internet Movie Database', 'Value': '8.5/10'}]",N/A,8.5,"25,546",tt9398466,series,,,,,True,2
True Crime,1999,R,19 Mar 1999,127 min,"Crime, Drama, Mystery",Clint Eastwood,"Andrew Klavan, Larry Gross, Paul Brickman","Clint Eastwood, Isaiah Washington, LisaGay Hamilton",Can an over-the-hill journalist uncover the evidence that can prove a death row inmate's innocence just hours before his execution?,English,United States,5 nominations,https://m.media-amazon.com/images/M/MV5BNzYxMzJlNTUtYzBiNi00NWJmLThmOTAtYTMyYjdlY2Y4YzE0XkEyXkFqcGdeQXVyMjUzOTY1NTc@._V1_SX300.jpg,"[{'Source': 'Internet Movie Database', 'Value': '6.6/10'}, {'Source': 'Rotten Tomatoes', 'Value': '56%'}, {'Source': 'Metacritic', 'Value': '65/100'}]",65,6.6,"37,909",tt0139668,movie,31 Oct 2008,"$16,649,768",N/A,N/A,True,
Crimes of the Future,2022,R,03 Jun 2022,107 min,"Drama, Horror, Sci-Fi",David Cronenberg,David Cronenberg,"Viggo Mortensen, Léa Seydoux, Kristen Stewart","Humans adapt to a synthetic environment, with new transformations and mutations. With his partner Caprice, Saul Tenser, celebrity performance artist, publicly showcases the metamorphosis of his organs in avant-garde performances.",English,"Canada, Greece, United Kingdom",14 wins & 34 nominations,https://m.media-amazon.com/images/M/MV5BZDdjODNkMmYtYjMwNS00NTQzLThlYjUtODY2ZjdjNTNlY2JiXkEyXkFqcGdeQXVyMTkxNjUyNQ@@._V1_SX300.jpg,"[{'Source': 'Internet Movie Database', 'Value': '5.8/10'}, {'Source': 'Rotten Tomatoes', 'Value': '80%'}, {'Source': 'Metacritic', 'Value': '67/100'}]",67,5.8,"38,710",tt14549466,movie,N/A,"$2,452,882",N/A,N/A,True,
Total Drama,2007–2014,TV-PG,08 Jul 2007,22 min,"Animation, Action, Adventure",N/A,"Tom McGillis, Jennifer Pertsch","Anthony Christian Potenza, Clé Bennett, Rachel Wilson",Animated satire of survivor reality shows featuring random teenage archetypes vying for the final prize by any means necessary.,"Romanian, English, French, Spanish","Canada, United States, France",2 nominations,https://m.media-amazon.com/images/M/MV5BOTAzMjM0N2MtOWYwZS00N2Q1LWFhNjMtNWEyMTIxMmFhNmY4XkEyXkFqcGdeQXVyOTQ1MjE4OTE@._V1_SX300.jpg,"[{'Source': 'Internet Movie Database', 'Value': '7.4/10'}]",N/A,7.4,"13,528",tt1173427,series,,,,,True,5
Drama,2010,N/A,07 Oct 2010,80 min,Drama,Matias Lira,"Eliseo Altunaga, Sebastián Arrau, Matias Lira","Eusebio Arenas, Diego Ruiz, Isidora Urrejola","Three theater students, influenced by a professor and French theorist Antonin Artaud's acting technique, begin to experiment with their own lives, searching for real emotions and situations to bring onto the stage. Their obsession...",Spanish,"Chile, Argentina",N/A,https://m.media-amazon.com/images/M/MV5BMTY3NjEyMzgxMF5BMl5BanBnXkFtZTcwMzg1NzkxNA@@._V1_SX300.jpg,"[{'Source': 'Internet Movie Database', 'Value': '4.9/10'}]",N/A,4.9,689,tt1365451,movie,N/A,N/A,N/A,N/A,True,
Total Drama Island: Reboot,2023–,TV-PG,20 Oct 2023,N/A,Animation,N/A,"Tom McGillis, Jennifer Pertsch","Terry McGurrin, Deven Christian Mack, Brandon Michael Arrington",The most funny and dangerous reality cartoon show total drama is back with even more dangerous challenges.,English,N/A,N/A,https://m.media-amazon.com/images/M/MV5BZDAzNDk5NGItNzJjYS00NzY3LWE1MDUtMzg3ZDgxYmM4NGYyXkEyXkFqcGdeQXVyNzMyNjk4NDA@._V1_SX300.jpg,[],N/A,N/A,96,tt29116817,series,,,,,True,N/A
Confessions of a Teenage Drama Queen,2004,PG,20 Feb 2004,89 min,"Comedy, Family, Music",Sara Sugarman,"Dyan Sheldon, Gail Parent","Lindsay Lohan, Megan Fox, Adam Garcia","A teenage girl is convinced that her home city revolves around her until her family packs up and moves to the suburbs, where she finds herself competing for attention.",English,"Germany, United States",1 win,https://m.media-amazon.com/images/M/MV5BMTIzMDE0MDQ5Ml5BMl5BanBnXkFtZTcwNTUwMDUyMQ@@._V1_SX300.jpg,"[{'Source': 'Internet Movie Database', 'Value': '4.7/10'}, {'Source': 'Rotten Tomatoes', 'Value': '14%'}, {'Source': 'Metacritic', 'Value': '33/100'}]",33,4.7,"30,792",tt0361467,movie,18 Nov 2014,"$29,331,068",N/A,N/A,True,
Drama/Mex,2006,Unrated,02 Mar 2007,93 min,Drama,Gerardo Naranjo,Gerardo Naranjo,"Fernando Becerril, Diana García, Miriana Moro","Two interlaced stories unfold over the course of the same long, hot day in the once lush and now decadent resort town of Acapulco. The first involves the beautiful and cool Fernanda, who is forced to deal with the sudden emergence...","Spanish, English",Mexico,2 nominations,https://m.media-amazon.com/images/M/MV5BMzJiZTk2MTEtZDZmMC00ZmJkLWE5NzAtYTMyMDI2MzdkODBiXkEyXkFqcGdeQXVyMzY0MTY2MDA@._V1_SX300.jpg,"[{'Source': 'Internet Movie Database', 'Value': '5.9/10'}, {'Source': 'Rotten Tomatoes', 'Value': '35%'}, {'Source': 'Metacritic', 'Value': '65/100'}]",65,5.9,"1,420",tt0808237,movie,12 Apr 2017,"$8,628",N/A,N/A,True,
Drama Drama,2019,PG-13,01 Jun 2021,103 min,"Comedy, Family, Musical",Martin Guigui,"Martin Guigui, Brian Lukow","Cheri Oteri, Cinta Laura Kiehl, Hunter Sansone","The most unlikely pairing of teen-age girls end up bonding to form the pop group Drama Drama, and make a stand against bullying in their high school.",English,United States,N/A,https://m.media-amazon.com/images/M/MV5BMDdkMTVmYzMtYWZmOC00OWJkLTkxMWUtYzE1OTU0Y2RkYmY3XkEyXkFqcGdeQXVyNzU4ODEwNDI@._V1_SX300.jpg,"[{'Source': 'Internet Movie Database', 'Value': '4.7/10'}]",N/A,4.7,130,tt3901006,movie,01 Jun 2021,N/A,N/A,N/A,True,
Fat Legs,2015,TV-MA,11 Jun 2019,96 min,"Comedy, Drama, Romance",Sophie Mathisen,Sophie Mathisen,"Agnès Boury, Julien Bravo, Jonathan Burteaux","Anna travels to Paris following John, unintentionally causing tension between her best friend Jean and his partner Philippe.","French, English","United Kingdom, Australia, France",N/A,https://m.media-amazon.com/images/M/MV5BN2JmNTExNWQtNDNmNC00NDZmLWIxYmItZDNmMmI0ZTdmY2VhXkEyXkFqcGdeQXVyMTk5MjAyMjM@._V1_SX300.jpg,"[{'Source': 'Internet Movie Database', 'Value': '6.2/10'}]",N/A,6.2,107,tt3562532,movie,13 Jun 2019,N/A,N/A,N/A,True,
American Horror Story,2011–,TV-MA,05 Oct 2011,60 min,"Drama, Horror, Sci-Fi",N/A,"Brad Falchuk, Ryan Murphy, Halley Feiffer","Lady Gaga, Kathy Bates, Angela Bassett","An anthology series centering on different characters and locations, showcasing different aspects of horror.",English,United States,Won 16 Primetime Emmys. 128 wins & 403 nominations total,https://m.media-amazon.com/images/M/MV5BNzViNjc5YzktZDM3Zi00OTA0LTlkM2QtNGQwY2YwNTRjOGMzXkEyXkFqcGdeQXVyMTU1ODIwMTM1._V1_SX300.jpg,"[{'Source': 'Internet Movie Database', 'Value': '8.0/10'}]",N/A,8.0,"337,810",tt1844624,series,,,,,True,12
American Horror Stories,2021–,TV-MA,15 Jul 2021,N/A,"Drama, Horror, Mystery",N/A,"Brad Falchuk, Ryan Murphy","Sierra McCormick, Paris Jackson, Merrin Dungey","An anthology series of stand-alone episodes delving into horror myths, legends and lore.",English,United States,Nominated for 3 Primetime Emmys. 2 wins & 9 nominations total,https://m.media-amazon.com/images/M/MV5BZjQzZDAxMjAtMTc4NC00MDJhLWJmMGUtZTU0YWE2Y2YyODJkXkEyXkFqcGdeQXVyMTM1NjM2ODg1._V1_SX300.jpg,"[{'Source': 'Internet Movie Database', 'Value': '6.3/10'}]",N/A,6.3,"25,451",tt12306692,series,,,,,True,3
The Rocky Horror Picture Show,1975,R,31 Aug 1975,100 min,"Comedy, Horror, Musical",Jim Sharman,"Richard O'Brien, Jim Sharman","Tim Curry, Susan Sarandon, Barry Bostwick",A newly-engaged couple have a breakdown in an isolated area and must seek shelter at the bizarre residence of Dr. Frank-n-Furter.,English,"United Kingdom, United States",3 wins & 4 nominations,https://m.media-amazon.com/images/M/MV5BOGIzYjM3YzMtMjk5ZS00NDY2LTllMjEtNjYwZjhmMDNhMDBkXkEyXkFqcGdeQXVyODUzMjQxMTA@._V1_SX300.jpg,"[{'Source': 'Internet Movie Database', 'Value': '7.4/10'}, {'Source': 'Rotten Tomatoes', 'Value': '79%'}, {'Source': 'Metacritic', 'Value': '65/100'}]",65,7.4,"164,281",tt0073629,movie,25 Nov 2015,"$112,892,319",N/A,N/A,True,
A Christmas Horror Story,2015,Not Rated,02 Oct 2015,99 min,"Fantasy, Horror, Mystery","Grant Harvey, Steven Hoban, Brett Sullivan","James Kee, Sarah Larsen, Doug Taylor","William Shatner, George Buza, Rob Archer","Interwoven stories that take place on Christmas Eve, as told by one festive radio host: A family brings home more than a Christmas tree, a student documentary becomes a living nightmare, a Christmas spirit terrorizes, Santa slays ...",English,Canada,5 wins & 2 nominations,https://m.media-amazon.com/images/M/MV5BODg3NTAwNzk5M15BMl5BanBnXkFtZTgwNjA4OTE3MDI@._V1_SX300.jpg,"[{'Source': 'Internet Movie Database', 'Value': '5.8/10'}, {'Source': 'Rotten Tomatoes', 'Value': '83%'}, {'Source': 'Metacritic', 'Value': '49/100'}]",49,5.8,"11,724",tt3688406,movie,23 May 2016,N/A,N/A,N/A,True,
Horror of Dracula,1958,Not Rated,16 Jun 1958,82 min,"Drama, Horror",Terence Fisher,"Jimmy Sangster, Bram Stoker","Peter Cushing, Christopher Lee, Michael Gough","Jonathan Harker rouses the ire of Count Dracula after he accepts a job at the vampire's castle under false pretenses. Harker's friend, Dr. Van Helsing, then embarks on a hunt for the predatory villain when he targets Harker's love...",English,United Kingdom,1 win & 2 nominations,https://m.media-amazon.com/images/M/MV5BMDhmYjgyMmEtYjMzNS00MmM5LTkxY2QtMzY0ODFjODEyMWFmXkEyXkFqcGdeQXVyMzg1ODEwNQ@@._V1_SX300.jpg,"[{'Source': 'Internet Movie Database', 'Value': '7.2/10'}, {'Source': 'Rotten Tomatoes', 'Value': '91%'}, {'Source': 'Metacritic', 'Value': '67/100'}]",67,7.2,"27,390",tt0051554,movie,18 Oct 2010,N/A,N/A,N/A,True,
The Amityville Horror,2005,R,15 Apr 2005,90 min,Horror,Andrew Douglas,"Scott Kosar, Jay Anson, Sandor Stern","Ryan Reynolds, Melissa George, Jimmy Bennett",Newlyweds are terrorized by demonic forces after moving into a large house that was the site of a grisly mass murder a year before.,English,United States,2 wins & 4 nominations,https://m.media-amazon.com/images/M/MV5BNzhlMzJkNzgtNDljNS00ZWY1LTg2ZjMtMTUxM2ExNWFlZTAyXkEyXkFqcGdeQXVyNjc3MjQzNTI@._V1_SX300.jpg,"[{'Source': 'Internet Movie Database', 'Value': '5.9/10'}, {'Source': 'Rotten Tomatoes', 'Value': '24%'}, {'Source': 'Metacritic', 'Value': '33/100'}]",33,5.9,"116,181",tt0384806,movie,01 Mar 2017,"$65,233,369",N/A,N/A,True,
Masters of Horror,2005–2007,TV-MA,28 Oct 2005,1 min,Horror,N/A,Mick Garris,"Karen Elizabeth Austin, J. Winston Carroll, Miho Ninagawa","Anchor Bay's collection, which has amassed some of the best horror film anthologies.",English,"Canada, Japan, United States",Won 1 Primetime Emmy. 8 wins & 7 nominations total,https://m.media-amazon.com/images/M/MV5BMjU4ZGQxM2EtN2Q3NS00NTE5LWFlN2UtYWYzZGQ1NjA3ZGM5XkEyXkFqcGdeQXVyMTI0MTA4MTM5._V1_SX300.jpg,"[{'Source': 'Internet Movie Database', 'Value': '7.4/10'}]",N/A,7.4,"13,032",tt0448190,series,,,,,True,2
Horror Express,1972,R,03 Jan 1974,88 min,"Adventure, Horror, Sci-Fi",Eugenio Martín,"Arnaud d'Usseau, Julian Zimet","Christopher Lee, Peter Cushing, Alberto de Mendoza","While on the Trans-Siberian Express, an anthropologist and his rival must contain the threat posed by the former's cargo: a prehistoric ape which is the host for a parasitic life-form.","Spanish, English","Spain, United Kingdom",1 win & 1 nomination,https://m.media-amazon.com/images/M/MV5BMmYzMjEwYzUtNjZlZC00OWUzLWJhNjMtZWIxMTQ2Njg0YTIyXkEyXkFqcGdeQXVyMjUzOTY1NTc@._V1_SX300.jpg,"[{'Source': 'Internet Movie Database', 'Value': '6.5/10'}, {'Source': 'Rotten Tomatoes', 'Value': '80%'}, {'Source': 'Metacritic', 'Value': '68/100'}]",68,6.5,"12,326",tt0068713,movie,15 Dec 2016,N/A,N/A,N/A,True,
Horror in the High Desert,2021,N/A,27 Mar 2021,82 min,"Horror, Thriller",Dutch Marich,Dutch Marich,"Suziey Block, Eric Mencis, David Morales","In July 2017, an outdoor enthusiast went missing in northern Nevada. He was never located. Friends and loved ones recall the events and, for the first time, talk about the horrific conclusion to his fate.",English,United States,N/A,https://m.media-amazon.com/images/M/MV5BNDk0YTM4N2QtYmYwMC00NDAyLTk0MDQtZTM2OGE4MDg5YjI3XkEyXkFqcGdeQXVyOTUxOTk0Nw@@._V1_SX300.jpg,"[{'Source': 'Internet Movie Database', 'Value': '5.4/10'}]",N/A,5.4,"3,509",tt13964404,movie,02 May 2021,N/A,N/A,N/A,True,
The Horror of Dolores Roach,2023,18+,07 Jul 2023,N/A,"Comedy, Drama, Horror",N/A,N/A,"Justina Machado, Alejandro Hernandez, K. Todd Freeman","When Dolores Roach is released after an unjust prison sentence, she reunites with an old friend who lets her work as a masseuse. When the promise of her newfound stability is threatened, Dolores is driven to shocking extremes to s...",English,United States,N/A,https://m.media-amazon.com/images/M/MV5BYjVjOGUzMWQtNmYyYy00Mzg1LTlhY2YtYzZmMTY0MWM5MGY3XkEyXkFqcGdeQXVyMjkwOTAyMDU@._V1_SX300.jpg,"[{'Source': 'Internet Movie Database', 'Value': '7.1/10'}]",N/A,7.1,"5,139",tt9174630,series,,,,,True,1
The Dunwich Horror,1970,R,14 Jan 1970,90 min,Horror,Daniel Haller,"Curtis Hanson, Henry Rosenbaum, Ronald Silkosky","Sandra Dee, Dean Stockwell, Ed Begley","Wilbur Whateley travels to the Arkham Miskatonic University to borrow the legendary Necronomicon. But, little does anyone know, Whateley isn't quite human...",English,United States,1 nomination,https://m.media-amazon.com/images/M/MV5BMzYyYmJkZDgtMjEwYy00MTgzLTk4NTYtZWY0NjQ3YTMzOTRiXkEyXkFqcGdeQXVyMTQxNzMzNDI@._V1_SX300.jpg,"[{'Source': 'Internet Movie Database', 'Value': '5.4/10'}, {'Source': 'Rotten Tomatoes', 'Value': '29%'}]",N/A,5.4,"5,026",tt0065669,movie,04 May 2017,"$446,400",N/A,N/A,True,
The Blancheville Monster,1963,Unrated,06 Jun 1963,88 min,Horror,Alberto De Martino,"Giovanni Grimaldi, Bruno Corbucci, Edgar Allan Poe","Gérard Tichy, Leo Anchóriz, Ombretta Colli",The beautiful young daughter of a crazed count fears that she will fall victim to the family curse - to be sacrificed to fulfill an ancient family legend.,Italian,"Italy, Spain",N/A,https://m.media-amazon.com/images/M/MV5BNmZkYjExNTYtZjc5ZS00MGQ1LThlZjQtZGIzYzYwMGQ3M2NjXkEyXkFqcGdeQXVyNzA4ODc3ODU@._V1_SX300.jpg,"[{'Source': 'Internet Movie Database', 'Value': '5.2/10'}]",N/A,5.2,743,tt0057155,movie,13 Mar 2017,N/A,N/A,N/A,True,
Great Performers: Horror Show,2017,N/A,07 Dec 2017,10 min,"Short, Horror",Floria Sigismondi,N/A,"Timothée Chalamet, Jake Gyllenhaal, Tiffany Haddish, Daniel Kaluuya","The New York Times Magazine presents ten famous performers as they create macabre scenes evoking the horror genre. Performances includes a vampire, a cannibal, a mannequin, a demon child, a...",English,USA,1 nomination.,https://m.media-amazon.com/images/M/MV5BMjM5N2UzMDUtOGE4Yy00ZGZhLWEwM2ItNjQ0NjE1ZTFkNjY5XkEyXkFqcGdeQXVyNjczMzgwMDg@._V1_SX300.jpg,"[{'Source': 'Internet Movie Database', 'Value': '6.8/10'}]",N/A,6.8,148,tt8199834,movie,N/A,N/A,N/A,N/A,True,
ECW on Sci-Fi,2006–2010,TV-14,13 Jun 2006,65 min,Sport,N/A,Vince McMahon,"Matthew Kaye, Tommy Dreamer, Peter Senerchia","Extreme Championship Wrestling was reborn in 2006 with Paul Herman leading the way and ECW Extremists like Rob Van Dam, Kurt Angle, Big Show, The Sandman and Tommy Dreamer. ECW was back and ready to be a new breed unleashed.",English,United States,N/A,https://m.media-amazon.com/images/M/MV5BZTFiMWZjM2EtNjhiOC00ODExLTljZjItMTJlYTU2YzVmZjIyXkEyXkFqcGdeQXVyNzU5MjczMzE@._V1_SX300.jpg,"[{'Source': 'Internet Movie Database', 'Value': '5.8/10'}]",N/A,5.8,"1,047",tt0810614,series,,,,,True,2
Sci-Fighter,2004,PG-13,17 May 2005,90 min,"Action, Sci-Fi",Art Camacho,Thomas Callicoat,"Don Wilson, Cynthia Rothrock, Lorenzo Lamas",A computer virus has invaded a virtual reality fighting game leaving a rebellious teen trapped within. Now the boy's father must enter the tainted program and battle his way through a deadly maze of martial arts fighters to save h...,English,United States,N/A,https://m.media-amazon.com/images/M/MV5BMTUwMzIzNDgwNV5BMl5BanBnXkFtZTYwMDk1MTY2._V1_SX300.jpg,"[{'Source': 'Internet Movie Database', 'Value': '2.6/10'}]",N/A,2.6,688,tt0390463,movie,17 May 2005,N/A,MTI Home Video,N/A,True,
Sci-fighters,1996,R,30 Dec 1996,94 min,Sci-Fi,Peter Svatek,Mark Sevi,"Roddy Piper, Jayne Heitmeyer, Billy Drago, Tyrone Benskin","Boston, 2009. A police detective (Roddy Piper) searches for Adrian Dunn, his ex-partner (Billy Drago) who murdered his wife. Dunn has escaped from prison on the moon and returned to Earth ...",English,Canada,N/A,https://m.media-amazon.com/images/M/MV5BMTkxNzAxMDI4M15BMl5BanBnXkFtZTcwNDMxNTQyMQ@@._V1_SX300.jpg,"[{'Source': 'Internet Movie Database', 'Value': '4.4/10'}]",N/A,4.4,537,tt0117566,movie,26 Jul 2020,N/A,N/A,N/A,True,
Not Another Sci-Fi Movie,2013,Not Rated,N/A,90 min,"Comedy, Sci-Fi",Ryan Humphries,Ryan Humphries,"Janielle Atherton, Anna Peck","A mysterious ball of light and fire falls from the sky and crashes in the woods outside a small rural vacation cottage in Crows End where Brad, Adrian, Rachael, and Jessica have come for a relaxing weekend retreat. Unknowingly the...",English,United States,N/A,https://m.media-amazon.com/images/M/MV5BMjA2NjM3NjIzM15BMl5BanBnXkFtZTgwMTEyNDQxNjE@._V1_SX300.jpg,"[{'Source': 'Internet Movie Database', 'Value': '2.3/10'}]",N/A,2.3,99,tt4796190,movie,22 Mar 2016,N/A,N/A,N/A,True,
Sci Fi Science: Physics of the Impossible,2009–,TV-G,26 Oct 2008,45 min,"Documentary, Reality-TV",N/A,N/A,"Michio Kaku, Zorikh Lequidre, Luke Crowe","What first appears to be a send-up of classic science fiction is in fact a thorough examination of the real-world science behind the sensationalism. In the pilot episode, the physics behind a hypothetical alien invasion are explai...",English,United States,N/A,https://m.media-amazon.com/images/M/MV5BMTYwNjQ3NDUwMV5BMl5BanBnXkFtZTgwOTI2MzcwMzE@._V1_SX300.jpg,"[{'Source': 'Internet Movie Database', 'Value': '7.4/10'}]",N/A,7.4,384,tt1358355,series,,,,,True,2
Thriller 40,2023,N/A,02 Dec 2023,90 min,"Documentary, Music",Nelson George,N/A,"Mary J. Blige, John Branca, Misty Copeland","Follows the making of Michael Jackson's record-breaking album ""Thriller"".",English,United States,N/A,https://m.media-amazon.com/images/M/MV5BY2E4ZmRkNTctYzI5Yy00M2Q2LTg5N2EtZDZjZmU0MmE4ZDRkXkEyXkFqcGdeQXVyMTM1NjM2ODg1._V1_SX300.jpg,"[{'Source': 'Internet Movie Database', 'Value': '8.2/10'}]",N/A,8.2,392,tt22482764,movie,N/A,N/A,N/A,N/A,True,
Thriller,1960–1962,TV-PG,13 Sep 1960,50 min,"Crime, Drama, Horror",N/A,N/A,"Boris Karloff, Richard Peel, Henry Daniell","Now available for the first time, experience the complete series hailed as the most frightening ever created for television.",English,United States,Nominated for 1 Primetime Emmy. 5 nominations total,https://m.media-amazon.com/images/M/MV5BZTFjM2E3ZDYtNTIzZi00YTdlLWIwYTYtMmVlMDM0ZjhjYzZjXkEyXkFqcGdeQXVyMjM5NDQzNTk@._V1_SX300.jpg,"[{'Source': 'Internet Movie Database', 'Value': '8.2/10'}]",N/A,8.2,"1,623",tt0053546,series,,,,,True,2
Thriller: A Cruel Picture,1973,R,05 Jun 1974,104 min,"Action, Crime, Drama",Bo Arne Vibenius,Bo Arne Vibenius,"Christina Lindberg, Heinz Hopf, Despina Tomazani","A young woman, rendered mute after a childhood sexual assault, is trained to seek violent revenge on those who kidnapped and forced her into prostitution.",Swedish,Sweden,N/A,https://m.media-amazon.com/images/M/MV5BZGY5YmExMGItY2M4OS00ZTRiLWI2MDgtNjVkOTFlNTk1OGY1XkEyXkFqcGdeQXVyMTUzMDUzNTI3._V1_SX300.jpg,"[{'Source': 'Internet Movie Database', 'Value': '6.4/10'}, {'Source': 'Rotten Tomatoes', 'Value': '56%'}]",N/A,6.4,"8,312",tt0072285,movie,N/A,N/A,N/A,N/A,True,
Michael Jackson: Thriller,1983,PG,14 Dec 1983,13 min,"Short, Horror, Music",John Landis,"John Landis, Michael Jackson","Michael Jackson, Ola Ray","A night at the movies turns into a nightmare when Michael and his date are attacked by a hoard of bloodthirsty zombies - only a ""Thriller"" can save them now.",English,USA,6 wins & 3 nominations.,https://m.media-amazon.com/images/M/MV5BODhhZjJlYTktZDQ2MS00Yzk4LWFlOTQtYTgyOGE1ZGE5YWEyL2ltYWdlXkEyXkFqcGdeQXVyMzA5MjgyMjI@._V1_SX300.jpg,"[{'Source': 'Internet Movie Database', 'Value': '8.7/10'}]",N/A,8.7,"16,013",tt0088263,movie,N/A,N/A,N/A,N/A,True,
Shrek: Thriller Night,2011,TV-Y7,13 Sep 2011,6 min,"Animation, Short, Comedy","Sean Bishop, Gary Trousdale","Sean Bishop, Elaine Rogan, David Feiss","Michael Gough, Dean Edwards, Holly Fields","Shrek is bored on Halloween, and wants to have something scary. The power of Thriller gives him more than he bargained for.",English,United States,N/A,https://m.media-amazon.com/images/M/MV5BMDFhOGVlY2MtMGVlYS00OTdjLThkNzYtOTMwMDExMTA0YjQ3XkEyXkFqcGdeQXVyNDgyODgxNjE@._V1_SX300.jpg,"[{'Source': 'Internet Movie Database', 'Value': '6.2/10'}]",N/A,6.2,974,tt2051999,movie,N/A,N/A,N/A,N/A,True,
Armchair Thriller,1978–1981,N/A,21 Feb 1978,25 min,"Crime, Drama, Horror",N/A,Andrew Brown,"Frank Duncan, James Bolam, Maria Aitken",Suspense and mystery-themed anthology series.,English,United Kingdom,N/A,https://m.media-amazon.com/images/M/MV5BNjc3MjM5MWEtMDUwOS00Yzc5LWI4YjQtMDVhMTI2NzI5MjU2XkEyXkFqcGdeQXVyMDY4MzkyNw@@._V1_SX300.jpg,"[{'Source': 'Internet Movie Database', 'Value': '7.4/10'}]",N/A,7.4,243,tt0969784,series,,,,,True,2
Pornography: A Thriller,2009,Unrated,08 Jul 2010,113 min,"Crime, Horror, Mystery",David Kittredge,David Kittredge,"Matthew Montgomery, Pete Scherer, Jared Grey","A gay porn star's mysterious disappearance becomes an obsession for both a writer and another adult film star, leading them into dark supernatural corners that were never meant to be explored.",English,United States,2 wins,https://m.media-amazon.com/images/M/MV5BMTM3MDkwNDM1OV5BMl5BanBnXkFtZTcwNTI1NDk2Mw@@._V1_SX300.jpg,"[{'Source': 'Internet Movie Database', 'Value': '4.8/10'}, {'Source': 'Rotten Tomatoes', 'Value': '29%'}, {'Source': 'Metacritic', 'Value': '31/100'}]",31,4.8,595,tt1144811,movie,02 Mar 2017,N/A,N/A,N/A,True,
The Making of 'Thriller',1983,PG,15 Dec 1983,70 min,"Documentary, Music",Jerry Kramer,N/A,"Michael Jackson, John Landis, Rick Baker, Kelly Kimball","From Michael Jackson we take a look behind the ""Thrills"" of Thriller",English,USA,1 win & 1 nomination.,https://m.media-amazon.com/images/M/MV5BMjM5MDkwMDg5Nl5BMl5BanBnXkFtZTgwMDI2MjkxMzE@._V1_SX300.jpg,"[{'Source': 'Internet Movie Database', 'Value': '8.3/10'}]",N/A,8.3,899,tt0242682,movie,N/A,N/A,Optimum Productions,N/A,True,
Serial Thriller,2015–2016,TV-14,07 Jun 2015,N/A,Thriller,N/A,N/A,"Joseph Millson, Ryan Gage, Tom Durant Pritchard","The SERIAL THRILLER trilogy propels viewers into a chilling true crime story of a real-life serial killer, leaving viewers to unravel the clues, with each character's story serving as a reminder that real people are devastatingly ...",English,"United States, United Kingdom",N/A,https://m.media-amazon.com/images/M/MV5BY2E0ZDgzNzYtMzNhYS00MTUzLTljZjAtYTY3M2U1MGVkZTZiXkEyXkFqcGdeQXVyNTM3MDMyMDQ@._V1_SX300.jpg,"[{'Source': 'Internet Movie Database', 'Value': '5.6/10'}]",N/A,5.6,247,tt4762138,series,,,,,True,3
